{"graph": {"_type": "graph-file", "path": "media/graph/graph_summary_2f71848a.graph.json", "sha256": "2f71848a511bb1a674f8b06bf1a8d2ca77db3488f414247fd11707a0e6156b9b", "size": 566}, "val_loss": 0.6911668181419373, "epoch": 19, "_step": 19, "_timestamp": 1586870370.1954734, "loss": 0.6931392550468445, "val_sparse_categorical_accuracy": 0.532608687877655, "_runtime": 16.639776706695557, "sparse_categorical_accuracy": 0.5082626342773438, "best_val_loss": 0.6908226013183594, "best_epoch": 14}
