{"graph": {"_type": "graph-file", "path": "media/graph/graph_summary_2f71848a.graph.json", "sha256": "2f71848a511bb1a674f8b06bf1a8d2ca77db3488f414247fd11707a0e6156b9b", "size": 566}, "sparse_categorical_accuracy": 0.8305802345275879, "val_loss": 0.40222129225730896, "loss": 0.4161510765552521, "_runtime": 48.83272910118103, "val_sparse_categorical_accuracy": 0.844368040561676, "epoch": 99, "_step": 99, "_timestamp": 1586940523.761312, "best_val_loss": 0.3938666880130768, "best_epoch": 89}
