{
    "graph": {
        "_type": "graph-file",
        "path": "media/graph/graph_summary_2f71848a.graph.json",
        "sha256": "2f71848a511bb1a674f8b06bf1a8d2ca77db3488f414247fd11707a0e6156b9b",
        "size": 566
    },
    "_timestamp": 1586684337.8732042,
    "loss": 0.5724225640296936,
    "epoch": 99,
    "val_sparse_categorical_accuracy": 0.7413872480392456,
    "_step": 99,
    "sparse_categorical_accuracy": 0.7411178946495056,
    "_runtime": 35.057942628860474,
    "val_loss": 0.6152429580688477,
    "best_val_loss": 0.6132566928863525,
    "best_epoch": 50
}