{"graph": {"_type": "graph-file", "path": "media/graph/graph_summary_2f71848a.graph.json", "sha256": "2f71848a511bb1a674f8b06bf1a8d2ca77db3488f414247fd11707a0e6156b9b", "size": 566}, "val_loss": 0.9140379428863525, "_runtime": 142.25622701644897, "epoch": 499, "_timestamp": 1586685065.3361554, "loss": 0.8660613298416138, "val_sparse_categorical_accuracy": 0.5671902298927307, "sparse_categorical_accuracy": 0.5606191158294678, "_step": 499, "best_val_loss": 0.9033526182174683, "best_epoch": 354}
