{"graph": {"_type": "graph-file", "path": "media/graph/graph_summary_acd2bf29.graph.json", "sha256": "acd2bf29c797bd2eedc22c4b1564d635067569d9b10b486a8f65a6b98abb7469", "size": 842}, "loss": 0.3745369613170624, "val_sparse_categorical_accuracy": 0.8435081839561462, "_runtime": 81.34931707382202, "_step": 199, "val_loss": 0.37321823835372925, "epoch": 199, "sparse_categorical_accuracy": 0.8420161008834839, "_timestamp": 1586941110.8218093, "best_val_loss": 0.36737754940986633, "best_epoch": 192}
