{"graph": {"_type": "graph-file", "path": "media/graph/graph_summary_2f71848a.graph.json", "sha256": "2f71848a511bb1a674f8b06bf1a8d2ca77db3488f414247fd11707a0e6156b9b", "size": 566}, "_runtime": 45.35822558403015, "_step": 99, "_timestamp": 1586684717.5284064, "val_sparse_categorical_accuracy": 0.7377124428749084, "loss": 0.5225585103034973, "sparse_categorical_accuracy": 0.7528852820396423, "epoch": 99, "val_loss": 0.5072905421257019, "best_val_loss": 0.5071439146995544, "best_epoch": 98}
