{"model": "SVC", "precision": 0.7992831541218638, "recall": 0.7275693311582382, "f1": 0.7777155670075058}