{"model": "LogisticRegressionCV", "precision": 0.8935281837160751, "recall": 0.6982055464926591, "f1": 0.8098558423879506, "accuracy": 0.812549642573471, "under_sampler": "repeated_edited_nearest_neighbours"}