{"model": "RandomForestClassifier", "precision": 0.89568345323741, "recall": 0.8123980424143556, "f1": 0.8520102651839178}