{"model": "LogisticRegressionCV", "precision": 0.8970588235294118, "recall": 0.6965742251223491, "f1": 0.7842056932966025}