{"model": "KNeighborsClassifier", "precision": 0.9662027833001988, "recall": 0.7928221859706363, "f1": 0.8844736287209383, "accuracy": 0.8856235107227959, "under_sampler": "repeated_edited_nearest_neighbours"}