{"model": "RandomForestClassifier", "precision": 0.8916518650088809, "recall": 0.8189233278955954, "f1": 0.8630243926062511, "accuracy": 0.8633836378077839, "under_sampler": "repeated_edited_nearest_neighbours"}